<?xml version="1.0" encoding="UTF-8"?>
<project-private xmlns="http://www.netbeans.org/ns/project-private/1">
    <editor-bookmarks xmlns="http://www.netbeans.org/ns/editor-bookmarks/2" lastBookmarkId="0"/>
    <open-files xmlns="http://www.netbeans.org/ns/projectui-open-files/2">
        <group>
            <file>file:/home/urickcucho/Desktop/ProyectoInicial2209_v2/src/mx/unam/aragon/gui/VentanaEmpleado.java</file>
            <file>file:/home/urickcucho/Desktop/ProyectoInicial2209_v2/src/mx/unam/aragon/dp/Empleado.java</file>
            <file>file:/home/urickcucho/Desktop/ProyectoInicial2209_v2/src/mx/unam/aragon/persistencia/ArchivoEmpleado.java</file>
            <file>file:/home/urickcucho/Desktop/ProyectoInicial2209_v2/src/mx/unam/aragon/dp/Direccion.java</file>
            <file>file:/home/urickcucho/Desktop/ProyectoInicial2209_v2/src/mx/unam/aragon/dp/UsarEmpleado.java</file>
        </group>
    </open-files>
</project-private>
