<?xml version="1.0" encoding="UTF-8"?>
<project-private xmlns="http://www.netbeans.org/ns/project-private/1">
    <editor-bookmarks xmlns="http://www.netbeans.org/ns/editor-bookmarks/2" lastBookmarkId="0"/>
    <open-files xmlns="http://www.netbeans.org/ns/projectui-open-files/2">
        <group>
            <file>file:/C:/Users/urick/OneDrive/Escritorio/LectorArchivosCSV/src/lectorarchivoscsv/LeerArchivo.java</file>
            <file>file:/C:/Users/urick/OneDrive/Escritorio/LectorArchivosCSV/src/lectorarchivoscsv/ClasePrincipal.java</file>
            <file>file:/C:/Users/urick/OneDrive/Escritorio/LectorArchivosCSV/src/lectorarchivoscsv/Estadisticas.java</file>
        </group>
    </open-files>
</project-private>
